mode,q_68,q_95,lambda_68,lambda_95
hover,1.2042239779447026,3.232965057541301,1.2042239779447026,1.649471968133317
cruise,1.6997859787410508,3.6873063881760624,1.6997859787410508,1.881278769477583
